State,Capital,Target_Lat,Target_Lon,Target_Lon_CMIP6,CMIP6_Lat,CMIP6_Lon,CMIP6_Lon_0_360
Alabama,Montgomery,32.3777,-86.3006,273.69939999999997,32.375,-86.375,273.625
Alaska,Juneau,58.3016,-134.4202,225.5798,58.375,-134.375,225.625
Arizona,Phoenix,33.4481,-112.097,247.90300000000002,33.375,-112.125,247.875
Arkansas,Little Rock,34.7466,-92.289,267.711,34.625,-92.375,267.625
California,Sacramento,38.5767,-121.4936,238.50639999999999,38.625,-121.375,238.625
Colorado,Denver,39.7392,-104.9849,255.01510000000002,39.625,-104.875,255.125
Connecticut,Hartford,41.764,-72.6822,287.31780000000003,41.875,-72.625,287.375
Delaware,Dover,39.1573,-75.5197,284.4803,39.125,-75.625,284.375
Florida,Tallahassee,30.4381,-84.2813,275.7187,30.375,-84.375,275.625
Georgia,Atlanta,33.749,-84.3882,275.6118,33.625,-84.375,275.625
Hawaii,Honolulu,21.3074,-157.8574,202.1426,21.375,-157.875,202.125
Idaho,Boise,43.6178,-116.1997,243.8003,43.625,-116.125,243.875
Illinois,Springfield,39.7984,-89.655,270.345,39.875,-89.625,270.375
Indiana,Indianapolis,39.7686,-86.1626,273.8374,39.875,-86.125,273.875
Iowa,Des Moines,41.5911,-93.6037,266.3963,41.625,-93.625,266.375
Kansas,Topeka,39.0482,-95.678,264.322,39.125,-95.625,264.375
Kentucky,Frankfort,38.1867,-84.8754,275.1246,38.125,-84.875,275.125
Louisiana,Baton Rouge,30.4571,-91.1874,268.8126,30.375,-91.125,268.875
Maine,Augusta,44.3072,-69.7817,290.2183,44.375,-69.875,290.125
Maryland,Annapolis,38.9788,-76.4909,283.5091,38.875,-76.375,283.625
Massachusetts,Boston,42.3582,-71.0637,288.9363,42.375,-71.125,288.875
Michigan,Lansing,42.7336,-84.5553,275.4447,42.625,-84.625,275.375
Minnesota,Saint Paul,44.9551,-93.1022,266.8978,44.875,-93.125,266.875
Mississippi,Jackson,32.3038,-90.1821,269.8179,32.375,-90.125,269.875
Missouri,Jefferson City,38.5792,-92.1729,267.8271,38.625,-92.125,267.875
Montana,Helena,46.5857,-112.0184,247.98160000000001,46.625,-112.125,247.875
Nebraska,Lincoln,40.8081,-96.6997,263.3003,40.875,-96.625,263.375
Nevada,Carson City,39.1639,-119.7661,240.2339,39.125,-119.875,240.125
New Hampshire,Concord,43.2069,-71.537,288.46299999999997,43.125,-71.625,288.375
New Jersey,Trenton,40.2206,-74.7699,285.2301,40.125,-74.875,285.125
New Mexico,Santa Fe,35.6822,-105.9397,254.06029999999998,35.625,-105.875,254.125
New York,Albany,42.6528,-73.7573,286.2427,42.625,-73.875,286.125
North Carolina,Raleigh,35.7804,-78.6391,281.3609,35.875,-78.625,281.375
North Dakota,Bismarck,46.8209,-100.7837,259.2163,46.875,-100.875,259.125
Ohio,Columbus,39.9613,-82.9991,277.0009,39.875,-82.875,277.125
Oklahoma,Oklahoma City,35.4922,-97.5033,262.49670000000003,35.375,-97.625,262.375
Oregon,Salem,44.9385,-123.0304,236.9696,44.875,-123.125,236.875
Pennsylvania,Harrisburg,40.2644,-76.8836,283.1164,40.375,-76.875,283.125
Rhode Island,Providence,41.8309,-71.415,288.585,41.875,-71.375,288.625
South Carolina,Columbia,34.0003,-81.0332,278.96680000000003,34.125,-81.125,278.875
South Dakota,Pierre,44.367,-100.3464,259.6536,44.375,-100.375,259.625
Tennessee,Nashville,36.1658,-86.7842,273.2158,36.125,-86.875,273.125
Texas,Austin,30.2747,-97.7404,262.2596,30.375,-97.625,262.375
Utah,Salt Lake City,40.7775,-111.8882,248.11180000000002,40.875,-111.875,248.125
Vermont,Montpelier,44.2624,-72.5805,287.41949999999997,44.375,-72.625,287.375
Virginia,Richmond,37.5389,-77.4336,282.5664,37.625,-77.375,282.625
Washington,Olympia,47.0358,-122.905,237.095,47.125,-122.875,237.125
West Virginia,Charleston,38.3362,-81.6123,278.3877,38.375,-81.625,278.375
Wisconsin,Madison,43.0747,-89.3841,270.6159,43.125,-89.375,270.625
Wyoming,Cheyenne,41.14,-104.8202,255.1798,41.125,-104.875,255.125
