State,Capital,Scenario_Code,Scenario,Period,Daily_Records,Hourly_Records,Minute_Records,Lower_Candidate_Percent,Upper_Candidate_Percent,Candidate_Boundary_Warning,QC_PASS,Elapsed_Seconds
Alabama,Montgomery,ssp126,SSP1-2.6,2026-2050,9131,219121,13147201,0.0,0.0,False,True,2.4909274578094482
Alaska,Juneau,ssp126,SSP1-2.6,2026-2050,9131,219121,13147201,0.0,0.0,False,True,8.949930906295776
Arizona,Phoenix,ssp126,SSP1-2.6,2026-2050,9131,219121,13147201,0.0,0.0,False,True,6.8055500984191895
Arkansas,Little Rock,ssp126,SSP1-2.6,2026-2050,9131,219121,13147201,0.0,0.0,False,True,3.455171585083008
California,Sacramento,ssp126,SSP1-2.6,2026-2050,9131,219121,13147201,0.0,0.0,False,True,3.740821599960327
Colorado,Denver,ssp126,SSP1-2.6,2026-2050,9131,219121,13147201,0.0,0.0,False,True,9.501400470733643
Connecticut,Hartford,ssp126,SSP1-2.6,2026-2050,9131,219121,13147201,0.0,0.0,False,True,2.738724946975708
Delaware,Dover,ssp126,SSP1-2.6,2026-2050,9131,219121,13147201,0.0,0.0,False,True,2.5636491775512695
Florida,Tallahassee,ssp126,SSP1-2.6,2026-2050,9131,219121,13147201,0.0,0.0,False,True,2.509855270385742
Georgia,Atlanta,ssp126,SSP1-2.6,2026-2050,9131,219121,13147201,0.0,0.0,False,True,2.8907394409179688
Hawaii,Honolulu,ssp126,SSP1-2.6,2026-2050,9131,219121,13147201,0.0,0.0,False,True,2.8991477489471436
Idaho,Boise,ssp126,SSP1-2.6,2026-2050,9131,219121,13147201,0.0,0.0,False,True,2.843644380569458
Illinois,Springfield,ssp126,SSP1-2.6,2026-2050,9131,219121,13147201,0.0,0.0,False,True,11.516059160232544
Indiana,Indianapolis,ssp126,SSP1-2.6,2026-2050,9131,219121,13147201,0.0,0.0,False,True,2.956519842147827
Iowa,Des Moines,ssp126,SSP1-2.6,2026-2050,9131,219121,13147201,0.0,0.0,False,True,8.21815299987793
Kansas,Topeka,ssp126,SSP1-2.6,2026-2050,9131,219121,13147201,0.0,0.0,False,True,3.0250425338745117
Kentucky,Frankfort,ssp126,SSP1-2.6,2026-2050,9131,219121,13147201,0.0,0.0,False,True,2.908297300338745
Louisiana,Baton Rouge,ssp126,SSP1-2.6,2026-2050,9131,219121,13147201,0.0,0.0,False,True,7.2529380321502686
Maine,Augusta,ssp126,SSP1-2.6,2026-2050,9131,219121,13147201,0.0,0.0,False,True,4.696725845336914
Maryland,Annapolis,ssp126,SSP1-2.6,2026-2050,9131,219121,13147201,0.0,0.0,False,True,7.983144283294678
Massachusetts,Boston,ssp126,SSP1-2.6,2026-2050,9131,219121,13147201,0.0,0.0,False,True,4.28423810005188
Michigan,Lansing,ssp126,SSP1-2.6,2026-2050,9131,219121,13147201,0.0,0.0,False,True,2.4417452812194824
Minnesota,Saint Paul,ssp126,SSP1-2.6,2026-2050,9131,219121,13147201,0.0,0.0,False,True,2.593400239944458
Mississippi,Jackson,ssp126,SSP1-2.6,2026-2050,9131,219121,13147201,0.0,0.0,False,True,2.463836669921875
Missouri,Jefferson City,ssp126,SSP1-2.6,2026-2050,9131,219121,13147201,0.0,0.0,False,True,2.4824166297912598
Montana,Helena,ssp126,SSP1-2.6,2026-2050,9131,219121,13147201,0.0,0.0,False,True,2.5055932998657227
Nebraska,Lincoln,ssp126,SSP1-2.6,2026-2050,9131,219121,13147201,0.0,0.0,False,True,2.533106803894043
Nevada,Carson City,ssp126,SSP1-2.6,2026-2050,9131,219121,13147201,0.0,0.0,False,True,2.5116264820098877
New Hampshire,Concord,ssp126,SSP1-2.6,2026-2050,9131,219121,13147201,0.0,0.0,False,True,2.6255767345428467
New Jersey,Trenton,ssp126,SSP1-2.6,2026-2050,9131,219121,13147201,0.0,0.0,False,True,2.6011223793029785
New Mexico,Santa Fe,ssp126,SSP1-2.6,2026-2050,9131,219121,13147201,0.0,0.0,False,True,2.60516357421875
New York,Albany,ssp126,SSP1-2.6,2026-2050,9131,219121,13147201,0.0,0.0,False,True,6.691955089569092
North Carolina,Raleigh,ssp126,SSP1-2.6,2026-2050,9131,219121,13147201,0.0,0.0,False,True,2.4714298248291016
North Dakota,Bismarck,ssp126,SSP1-2.6,2026-2050,9131,219121,13147201,0.0,0.0,False,True,2.567417621612549
Ohio,Columbus,ssp126,SSP1-2.6,2026-2050,9131,219121,13147201,0.0,0.0,False,True,2.5349626541137695
Oklahoma,Oklahoma City,ssp126,SSP1-2.6,2026-2050,9131,219121,13147201,0.0,0.0,False,True,2.5844614505767822
Oregon,Salem,ssp126,SSP1-2.6,2026-2050,9131,219121,13147201,0.0,0.0,False,True,3.456528663635254
Pennsylvania,Harrisburg,ssp126,SSP1-2.6,2026-2050,9131,219121,13147201,0.0,0.0,False,True,2.8214566707611084
Rhode Island,Providence,ssp126,SSP1-2.6,2026-2050,9131,219121,13147201,0.0,0.0,False,True,2.80363392829895
South Carolina,Columbia,ssp126,SSP1-2.6,2026-2050,9131,219121,13147201,0.0,0.0,False,True,9.206267356872559
South Dakota,Pierre,ssp126,SSP1-2.6,2026-2050,9131,219121,13147201,0.0,0.0,False,True,2.9125592708587646
Tennessee,Nashville,ssp126,SSP1-2.6,2026-2050,9131,219121,13147201,0.0,0.0,False,True,2.8276684284210205
Texas,Austin,ssp126,SSP1-2.6,2026-2050,9131,219121,13147201,0.0,0.0,False,True,6.860236644744873
Utah,Salt Lake City,ssp126,SSP1-2.6,2026-2050,9131,219121,13147201,0.0,0.0,False,True,4.371284246444702
Vermont,Montpelier,ssp126,SSP1-2.6,2026-2050,9131,219121,13147201,0.0,0.0,False,True,2.796461582183838
Virginia,Richmond,ssp126,SSP1-2.6,2026-2050,9131,219121,13147201,0.0,0.0,False,True,3.526691198348999
Washington,Olympia,ssp126,SSP1-2.6,2026-2050,9131,219121,13147201,0.0,0.0,False,True,6.451831579208374
West Virginia,Charleston,ssp126,SSP1-2.6,2026-2050,9131,219121,13147201,0.0,0.0,False,True,2.6418070793151855
Wisconsin,Madison,ssp126,SSP1-2.6,2026-2050,9131,219121,13147201,0.0,0.0,False,True,2.636813163757324
Wyoming,Cheyenne,ssp126,SSP1-2.6,2026-2050,9131,219121,13147201,0.0,0.0,False,True,6.593370676040649
Alabama,Montgomery,ssp126,SSP1-2.6,2051-2075,9131,219121,13147201,0.0,0.0,False,True,4.047902584075928
Alaska,Juneau,ssp126,SSP1-2.6,2051-2075,9131,219121,13147201,0.0,0.0,False,True,4.354121685028076
Arizona,Phoenix,ssp126,SSP1-2.6,2051-2075,9131,219121,13147201,0.0,0.0,False,True,7.7817981243133545
Arkansas,Little Rock,ssp126,SSP1-2.6,2051-2075,9131,219121,13147201,0.0,0.0,False,True,3.1582305431365967
California,Sacramento,ssp126,SSP1-2.6,2051-2075,9131,219121,13147201,0.0,0.0,False,True,7.971075534820557
Colorado,Denver,ssp126,SSP1-2.6,2051-2075,9131,219121,13147201,0.0,0.0,False,True,5.137918472290039
Connecticut,Hartford,ssp126,SSP1-2.6,2051-2075,9131,219121,13147201,0.0,0.0,False,True,2.380523204803467
Delaware,Dover,ssp126,SSP1-2.6,2051-2075,9131,219121,13147201,0.0,0.0,False,True,2.6926355361938477
Florida,Tallahassee,ssp126,SSP1-2.6,2051-2075,9131,219121,13147201,0.0,0.0,False,True,8.782993793487549
Georgia,Atlanta,ssp126,SSP1-2.6,2051-2075,9131,219121,13147201,0.0,0.0,False,True,2.426354169845581
Hawaii,Honolulu,ssp126,SSP1-2.6,2051-2075,9131,219121,13147201,0.0,0.0,False,True,2.5312232971191406
Idaho,Boise,ssp126,SSP1-2.6,2051-2075,9131,219121,13147201,0.0,0.0,False,True,7.755967378616333
Illinois,Springfield,ssp126,SSP1-2.6,2051-2075,9131,219121,13147201,0.0,0.0,False,True,3.8710806369781494
Indiana,Indianapolis,ssp126,SSP1-2.6,2051-2075,9131,219121,13147201,0.0,0.0,False,True,2.685061454772949
Iowa,Des Moines,ssp126,SSP1-2.6,2051-2075,9131,219121,13147201,0.0,0.0,False,True,3.7795231342315674
Kansas,Topeka,ssp126,SSP1-2.6,2051-2075,9131,219121,13147201,0.0,0.0,False,True,4.674952507019043
Kentucky,Frankfort,ssp126,SSP1-2.6,2051-2075,9131,219121,13147201,0.0,0.0,False,True,3.0404512882232666
Louisiana,Baton Rouge,ssp126,SSP1-2.6,2051-2075,9131,219121,13147201,0.0,0.0,False,True,3.4036808013916016
Maine,Augusta,ssp126,SSP1-2.6,2051-2075,9131,219121,13147201,0.0,0.0,False,True,14.488107919692993
Maryland,Annapolis,ssp126,SSP1-2.6,2051-2075,9131,219121,13147201,0.0,0.0,False,True,4.003342866897583
Massachusetts,Boston,ssp126,SSP1-2.6,2051-2075,9131,219121,13147201,0.0,0.0,False,True,3.03667950630188
Michigan,Lansing,ssp126,SSP1-2.6,2051-2075,9131,219121,13147201,0.0,0.0,False,True,9.675884485244751
Minnesota,Saint Paul,ssp126,SSP1-2.6,2051-2075,9131,219121,13147201,0.0,0.0,False,True,3.039576292037964
Mississippi,Jackson,ssp126,SSP1-2.6,2051-2075,9131,219121,13147201,0.0,0.0,False,True,9.28719162940979
Missouri,Jefferson City,ssp126,SSP1-2.6,2051-2075,9131,219121,13147201,0.0,0.0,False,True,3.5322673320770264
Montana,Helena,ssp126,SSP1-2.6,2051-2075,9131,219121,13147201,0.0,0.0,False,True,2.9870853424072266
Nebraska,Lincoln,ssp126,SSP1-2.6,2051-2075,9131,219121,13147201,0.0,0.0,False,True,2.6875483989715576
Nevada,Carson City,ssp126,SSP1-2.6,2051-2075,9131,219121,13147201,0.0,0.0,False,True,2.6393027305603027
New Hampshire,Concord,ssp126,SSP1-2.6,2051-2075,9131,219121,13147201,0.0,0.0,False,True,2.5409467220306396
New Jersey,Trenton,ssp126,SSP1-2.6,2051-2075,9131,219121,13147201,0.0,0.0,False,True,2.3352932929992676
New Mexico,Santa Fe,ssp126,SSP1-2.6,2051-2075,9131,219121,13147201,0.0,0.0,False,True,2.4712438583374023
New York,Albany,ssp126,SSP1-2.6,2051-2075,9131,219121,13147201,0.0,0.0,False,True,2.6001272201538086
North Carolina,Raleigh,ssp126,SSP1-2.6,2051-2075,9131,219121,13147201,0.0,0.0,False,True,2.5214266777038574
North Dakota,Bismarck,ssp126,SSP1-2.6,2051-2075,9131,219121,13147201,0.0,0.0,False,True,2.3427274227142334
Ohio,Columbus,ssp126,SSP1-2.6,2051-2075,9131,219121,13147201,0.0,0.0,False,True,2.5199756622314453
Oklahoma,Oklahoma City,ssp126,SSP1-2.6,2051-2075,9131,219121,13147201,0.0,0.0,False,True,2.293355703353882
Oregon,Salem,ssp126,SSP1-2.6,2051-2075,9131,219121,13147201,0.0,0.0,False,True,3.416062116622925
Pennsylvania,Harrisburg,ssp126,SSP1-2.6,2051-2075,9131,219121,13147201,0.0,0.0,False,True,2.6378536224365234
Rhode Island,Providence,ssp126,SSP1-2.6,2051-2075,9131,219121,13147201,0.0,0.0,False,True,2.8177895545959473
South Carolina,Columbia,ssp126,SSP1-2.6,2051-2075,9131,219121,13147201,0.0,0.0,False,True,6.4783971309661865
South Dakota,Pierre,ssp126,SSP1-2.6,2051-2075,9131,219121,13147201,0.0,0.0,False,True,5.583115577697754
Tennessee,Nashville,ssp126,SSP1-2.6,2051-2075,9131,219121,13147201,0.0,0.0,False,True,2.6910340785980225
Texas,Austin,ssp126,SSP1-2.6,2051-2075,9131,219121,13147201,0.0,0.0,False,True,3.9431612491607666
Utah,Salt Lake City,ssp126,SSP1-2.6,2051-2075,9131,219121,13147201,0.0,0.0,False,True,6.809053659439087
Vermont,Montpelier,ssp126,SSP1-2.6,2051-2075,9131,219121,13147201,0.0,0.0,False,True,2.859809637069702
Virginia,Richmond,ssp126,SSP1-2.6,2051-2075,9131,219121,13147201,0.0,0.0,False,True,2.6540448665618896
Washington,Olympia,ssp126,SSP1-2.6,2051-2075,9131,219121,13147201,0.0,0.0,False,True,7.414636135101318
West Virginia,Charleston,ssp126,SSP1-2.6,2051-2075,9131,219121,13147201,0.0,0.0,False,True,2.653717279434204
Wisconsin,Madison,ssp126,SSP1-2.6,2051-2075,9131,219121,13147201,0.0,0.0,False,True,2.8254120349884033
Wyoming,Cheyenne,ssp126,SSP1-2.6,2051-2075,9131,219121,13147201,0.0,0.0,False,True,7.006786346435547
Alabama,Montgomery,ssp245,SSP2-4.5,2026-2050,9131,219121,13147201,0.0,0.0,False,True,3.356344699859619
Alaska,Juneau,ssp245,SSP2-4.5,2026-2050,9131,219121,13147201,0.0,0.0,False,True,12.40806770324707
Arizona,Phoenix,ssp245,SSP2-4.5,2026-2050,9131,219121,13147201,0.0,0.0,False,True,6.960503816604614
Arkansas,Little Rock,ssp245,SSP2-4.5,2026-2050,9131,219121,13147201,0.0,0.0,False,True,6.109942197799683
California,Sacramento,ssp245,SSP2-4.5,2026-2050,9131,219121,13147201,0.0,0.0,False,True,2.7428133487701416
Colorado,Denver,ssp245,SSP2-4.5,2026-2050,9131,219121,13147201,0.0,0.0,False,True,9.166635751724243
Connecticut,Hartford,ssp245,SSP2-4.5,2026-2050,9131,219121,13147201,0.0,0.0,False,True,16.02188467979431
Delaware,Dover,ssp245,SSP2-4.5,2026-2050,9131,219121,13147201,0.0,0.0,False,True,13.563360691070557
Florida,Tallahassee,ssp245,SSP2-4.5,2026-2050,9131,219121,13147201,0.0,0.0,False,True,2.8777921199798584
Georgia,Atlanta,ssp245,SSP2-4.5,2026-2050,9131,219121,13147201,0.0,0.0,False,True,2.8500945568084717
Hawaii,Honolulu,ssp245,SSP2-4.5,2026-2050,9131,219121,13147201,0.0,0.0,False,True,9.028831720352173
Idaho,Boise,ssp245,SSP2-4.5,2026-2050,9131,219121,13147201,0.0,0.0,False,True,2.6872165203094482
Illinois,Springfield,ssp245,SSP2-4.5,2026-2050,9131,219121,13147201,0.0,0.0,False,True,2.796771287918091
Indiana,Indianapolis,ssp245,SSP2-4.5,2026-2050,9131,219121,13147201,0.0,0.0,False,True,8.63815951347351
Iowa,Des Moines,ssp245,SSP2-4.5,2026-2050,9131,219121,13147201,0.0,0.0,False,True,3.454136848449707
Kansas,Topeka,ssp245,SSP2-4.5,2026-2050,9131,219121,13147201,0.0,0.0,False,True,2.7543931007385254
Kentucky,Frankfort,ssp245,SSP2-4.5,2026-2050,9131,219121,13147201,0.0,0.0,False,True,9.780583381652832
Louisiana,Baton Rouge,ssp245,SSP2-4.5,2026-2050,9131,219121,13147201,0.0,0.0,False,True,4.551931619644165
Maine,Augusta,ssp245,SSP2-4.5,2026-2050,9131,219121,13147201,0.0,0.0,False,True,8.06877613067627
Maryland,Annapolis,ssp245,SSP2-4.5,2026-2050,9131,219121,13147201,0.0,0.0,False,True,2.8406403064727783
Massachusetts,Boston,ssp245,SSP2-4.5,2026-2050,9131,219121,13147201,0.0,0.0,False,True,2.7198076248168945
Michigan,Lansing,ssp245,SSP2-4.5,2026-2050,9131,219121,13147201,0.0,0.0,False,True,6.229266166687012
Minnesota,Saint Paul,ssp245,SSP2-4.5,2026-2050,9131,219121,13147201,0.0,0.0,False,True,4.511094570159912
Mississippi,Jackson,ssp245,SSP2-4.5,2026-2050,9131,219121,13147201,0.0,0.0,False,True,2.703758478164673
Missouri,Jefferson City,ssp245,SSP2-4.5,2026-2050,9131,219121,13147201,0.0,0.0,False,True,2.7183284759521484
Montana,Helena,ssp245,SSP2-4.5,2026-2050,9131,219121,13147201,0.0,0.0,False,True,7.4388744831085205
Nebraska,Lincoln,ssp245,SSP2-4.5,2026-2050,9131,219121,13147201,0.0,0.0,False,True,2.7333545684814453
Nevada,Carson City,ssp245,SSP2-4.5,2026-2050,9131,219121,13147201,0.0,0.0,False,True,2.730260133743286
New Hampshire,Concord,ssp245,SSP2-4.5,2026-2050,9131,219121,13147201,0.0,0.0,False,True,3.041249990463257
New Jersey,Trenton,ssp245,SSP2-4.5,2026-2050,9131,219121,13147201,0.0,0.0,False,True,8.144276857376099
New Mexico,Santa Fe,ssp245,SSP2-4.5,2026-2050,9131,219121,13147201,0.0,0.0,False,True,3.204075336456299
New York,Albany,ssp245,SSP2-4.5,2026-2050,9131,219121,13147201,0.0,0.0,False,True,2.992387533187866
North Carolina,Raleigh,ssp245,SSP2-4.5,2026-2050,9131,219121,13147201,0.0,0.0,False,True,8.138556003570557
North Dakota,Bismarck,ssp245,SSP2-4.5,2026-2050,9131,219121,13147201,0.0,0.0,False,True,2.5207321643829346
Ohio,Columbus,ssp245,SSP2-4.5,2026-2050,9131,219121,13147201,0.0,0.0,False,True,2.5903451442718506
Oklahoma,Oklahoma City,ssp245,SSP2-4.5,2026-2050,9131,219121,13147201,0.0,0.0,False,True,2.543707847595215
Oregon,Salem,ssp245,SSP2-4.5,2026-2050,9131,219121,13147201,0.0,0.0,False,True,2.6262166500091553
Pennsylvania,Harrisburg,ssp245,SSP2-4.5,2026-2050,9131,219121,13147201,0.0,0.0,False,True,2.547734022140503
Rhode Island,Providence,ssp245,SSP2-4.5,2026-2050,9131,219121,13147201,0.0,0.0,False,True,2.5826339721679688
South Carolina,Columbia,ssp245,SSP2-4.5,2026-2050,9131,219121,13147201,0.0,0.0,False,True,2.5189409255981445
South Dakota,Pierre,ssp245,SSP2-4.5,2026-2050,9131,219121,13147201,0.0,0.0,False,True,3.448659658432007
Tennessee,Nashville,ssp245,SSP2-4.5,2026-2050,9131,219121,13147201,0.0,0.0,False,True,3.5836400985717773
Texas,Austin,ssp245,SSP2-4.5,2026-2050,9131,219121,13147201,0.0,0.0,False,True,2.750128984451294
Utah,Salt Lake City,ssp245,SSP2-4.5,2026-2050,9131,219121,13147201,0.0,0.0,False,True,2.7871994972229004
Vermont,Montpelier,ssp245,SSP2-4.5,2026-2050,9131,219121,13147201,0.0,0.0,False,True,3.123703956604004
Virginia,Richmond,ssp245,SSP2-4.5,2026-2050,9131,219121,13147201,0.0,0.0,False,True,11.083599328994751
Washington,Olympia,ssp245,SSP2-4.5,2026-2050,9131,219121,13147201,0.0,0.0,False,True,9.853046655654907
West Virginia,Charleston,ssp245,SSP2-4.5,2026-2050,9131,219121,13147201,0.0,0.0,False,True,6.194920539855957
Wisconsin,Madison,ssp245,SSP2-4.5,2026-2050,9131,219121,13147201,0.0,0.0,False,True,4.448235273361206
Wyoming,Cheyenne,ssp245,SSP2-4.5,2026-2050,9131,219121,13147201,0.0,0.0,False,True,5.240698575973511
Alabama,Montgomery,ssp245,SSP2-4.5,2051-2075,9131,219121,13147201,0.0,0.0,False,True,2.721881151199341
Alaska,Juneau,ssp245,SSP2-4.5,2051-2075,9131,219121,13147201,0.0,0.0,False,True,10.920621633529663
Arizona,Phoenix,ssp245,SSP2-4.5,2051-2075,9131,219121,13147201,0.0,0.0,False,True,3.5652294158935547
Arkansas,Little Rock,ssp245,SSP2-4.5,2051-2075,9131,219121,13147201,0.0,0.0,False,True,10.39104676246643
California,Sacramento,ssp245,SSP2-4.5,2051-2075,9131,219121,13147201,0.0,0.0,False,True,3.039926290512085
Colorado,Denver,ssp245,SSP2-4.5,2051-2075,9131,219121,13147201,0.0,0.0,False,True,3.7728307247161865
Connecticut,Hartford,ssp245,SSP2-4.5,2051-2075,9131,219121,13147201,0.0,0.0,False,True,7.59134840965271
Delaware,Dover,ssp245,SSP2-4.5,2051-2075,9131,219121,13147201,0.0,0.0,False,True,2.8313868045806885
Florida,Tallahassee,ssp245,SSP2-4.5,2051-2075,9131,219121,13147201,0.0,0.0,False,True,2.9377334117889404
Georgia,Atlanta,ssp245,SSP2-4.5,2051-2075,9131,219121,13147201,0.0,0.0,False,True,8.91707730293274
Hawaii,Honolulu,ssp245,SSP2-4.5,2051-2075,9131,219121,13147201,0.0,0.0,False,True,2.8616979122161865
Idaho,Boise,ssp245,SSP2-4.5,2051-2075,9131,219121,13147201,0.0,0.0,False,True,9.619870662689209
Illinois,Springfield,ssp245,SSP2-4.5,2051-2075,9131,219121,13147201,0.0,0.0,False,True,4.103856801986694
Indiana,Indianapolis,ssp245,SSP2-4.5,2051-2075,9131,219121,13147201,0.0,0.0,False,True,2.714637517929077
Iowa,Des Moines,ssp245,SSP2-4.5,2051-2075,9131,219121,13147201,0.0,0.0,False,True,7.0404112339019775
Kansas,Topeka,ssp245,SSP2-4.5,2051-2075,9131,219121,13147201,0.0,0.0,False,True,4.4225969314575195
Kentucky,Frankfort,ssp245,SSP2-4.5,2051-2075,9131,219121,13147201,0.0,0.0,False,True,2.9371845722198486
Louisiana,Baton Rouge,ssp245,SSP2-4.5,2051-2075,9131,219121,13147201,0.0,0.0,False,True,4.788031816482544
Maine,Augusta,ssp245,SSP2-4.5,2051-2075,9131,219121,13147201,0.0,0.0,False,True,3.977433443069458
Maryland,Annapolis,ssp245,SSP2-4.5,2051-2075,9131,219121,13147201,0.0,0.0,False,True,2.683744430541992
Massachusetts,Boston,ssp245,SSP2-4.5,2051-2075,9131,219121,13147201,0.0,0.0,False,True,6.394678115844727
Michigan,Lansing,ssp245,SSP2-4.5,2051-2075,9131,219121,13147201,0.0,0.0,False,True,6.459848642349243
Minnesota,Saint Paul,ssp245,SSP2-4.5,2051-2075,9131,219121,13147201,0.0,0.0,False,True,2.9298574924468994
Mississippi,Jackson,ssp245,SSP2-4.5,2051-2075,9131,219121,13147201,0.0,0.0,False,True,7.613896131515503
Missouri,Jefferson City,ssp245,SSP2-4.5,2051-2075,9131,219121,13147201,0.0,0.0,False,True,2.959146499633789
Montana,Helena,ssp245,SSP2-4.5,2051-2075,9131,219121,13147201,0.0,0.0,False,True,2.667966842651367
Nebraska,Lincoln,ssp245,SSP2-4.5,2051-2075,9131,219121,13147201,0.0,0.0,False,True,6.180751800537109
Nevada,Carson City,ssp245,SSP2-4.5,2051-2075,9131,219121,13147201,0.0,0.0,False,True,4.50733494758606
New Hampshire,Concord,ssp245,SSP2-4.5,2051-2075,9131,219121,13147201,0.0,0.0,False,True,2.745619535446167
New Jersey,Trenton,ssp245,SSP2-4.5,2051-2075,9131,219121,13147201,0.0,0.0,False,True,2.6780240535736084
New Mexico,Santa Fe,ssp245,SSP2-4.5,2051-2075,9131,219121,13147201,0.0,0.0,False,True,6.829221487045288
New York,Albany,ssp245,SSP2-4.5,2051-2075,9131,219121,13147201,0.0,0.0,False,True,3.1894428730010986
North Carolina,Raleigh,ssp245,SSP2-4.5,2051-2075,9131,219121,13147201,0.0,0.0,False,True,2.681040048599243
North Dakota,Bismarck,ssp245,SSP2-4.5,2051-2075,9131,219121,13147201,0.0,0.0,False,True,2.6781680583953857
Ohio,Columbus,ssp245,SSP2-4.5,2051-2075,9131,219121,13147201,0.0,0.0,False,True,7.366013288497925
Oklahoma,Oklahoma City,ssp245,SSP2-4.5,2051-2075,9131,219121,13147201,0.0,0.0,False,True,3.0061726570129395
Oregon,Salem,ssp245,SSP2-4.5,2051-2075,9131,219121,13147201,0.0,0.0,False,True,2.6688039302825928
Pennsylvania,Harrisburg,ssp245,SSP2-4.5,2051-2075,9131,219121,13147201,0.0,0.0,False,True,3.7700746059417725
Rhode Island,Providence,ssp245,SSP2-4.5,2051-2075,9131,219121,13147201,0.0,0.0,False,True,6.6333699226379395
South Carolina,Columbia,ssp245,SSP2-4.5,2051-2075,9131,219121,13147201,0.0,0.0,False,True,2.951786994934082
South Dakota,Pierre,ssp245,SSP2-4.5,2051-2075,9131,219121,13147201,0.0,0.0,False,True,2.7514712810516357
Tennessee,Nashville,ssp245,SSP2-4.5,2051-2075,9131,219121,13147201,0.0,0.0,False,True,7.866487503051758
Texas,Austin,ssp245,SSP2-4.5,2051-2075,9131,219121,13147201,0.0,0.0,False,True,2.9661834239959717
Utah,Salt Lake City,ssp245,SSP2-4.5,2051-2075,9131,219121,13147201,0.0,0.0,False,True,2.808277130126953
Vermont,Montpelier,ssp245,SSP2-4.5,2051-2075,9131,219121,13147201,0.0,0.0,False,True,4.051418304443359
Virginia,Richmond,ssp245,SSP2-4.5,2051-2075,9131,219121,13147201,0.0,0.0,False,True,6.417736768722534
Washington,Olympia,ssp245,SSP2-4.5,2051-2075,9131,219121,13147201,0.0,0.0,False,True,2.733565330505371
West Virginia,Charleston,ssp245,SSP2-4.5,2051-2075,9131,219121,13147201,0.0,0.0,False,True,2.7615625858306885
Wisconsin,Madison,ssp245,SSP2-4.5,2051-2075,9131,219121,13147201,0.0,0.0,False,True,9.391335248947144
Wyoming,Cheyenne,ssp245,SSP2-4.5,2051-2075,9131,219121,13147201,0.0,0.0,False,True,3.1606853008270264
Alabama,Montgomery,ssp585,SSP5-8.5,2026-2050,9131,219121,13147201,0.0,0.0,False,True,6.40990686416626
Alaska,Juneau,ssp585,SSP5-8.5,2026-2050,9131,219121,13147201,0.0,0.0,False,True,4.274234771728516
Arizona,Phoenix,ssp585,SSP5-8.5,2026-2050,9131,219121,13147201,0.0,0.0,False,True,2.8725764751434326
Arkansas,Little Rock,ssp585,SSP5-8.5,2026-2050,9131,219121,13147201,0.0,0.0,False,True,2.7963857650756836
California,Sacramento,ssp585,SSP5-8.5,2026-2050,9131,219121,13147201,0.0,0.0,False,True,8.507683038711548
Colorado,Denver,ssp585,SSP5-8.5,2026-2050,9131,219121,13147201,0.0,0.0,False,True,2.331620216369629
Connecticut,Hartford,ssp585,SSP5-8.5,2026-2050,9131,219121,13147201,0.0,0.0,False,True,2.2692620754241943
Delaware,Dover,ssp585,SSP5-8.5,2026-2050,9131,219121,13147201,0.0,0.0,False,True,2.400078058242798
Florida,Tallahassee,ssp585,SSP5-8.5,2026-2050,9131,219121,13147201,0.0,0.0,False,True,2.422363042831421
Georgia,Atlanta,ssp585,SSP5-8.5,2026-2050,9131,219121,13147201,0.0,0.0,False,True,2.35663104057312
Hawaii,Honolulu,ssp585,SSP5-8.5,2026-2050,9131,219121,13147201,0.0,0.0,False,True,3.4373390674591064
Idaho,Boise,ssp585,SSP5-8.5,2026-2050,9131,219121,13147201,0.0,0.0,False,True,2.8095595836639404
Illinois,Springfield,ssp585,SSP5-8.5,2026-2050,9131,219121,13147201,0.0,0.0,False,True,2.7926418781280518
Indiana,Indianapolis,ssp585,SSP5-8.5,2026-2050,9131,219121,13147201,0.0,0.0,False,True,6.311707258224487
Iowa,Des Moines,ssp585,SSP5-8.5,2026-2050,9131,219121,13147201,0.0,0.0,False,True,5.102729320526123
Kansas,Topeka,ssp585,SSP5-8.5,2026-2050,9131,219121,13147201,0.0,0.0,False,True,2.2536685466766357
Kentucky,Frankfort,ssp585,SSP5-8.5,2026-2050,9131,219121,13147201,0.0,0.0,False,True,2.7946255207061768
Louisiana,Baton Rouge,ssp585,SSP5-8.5,2026-2050,9131,219121,13147201,0.0,0.0,False,True,3.250502586364746
Maine,Augusta,ssp585,SSP5-8.5,2026-2050,9131,219121,13147201,0.0,0.0,False,True,3.3193199634552
Maryland,Annapolis,ssp585,SSP5-8.5,2026-2050,9131,219121,13147201,0.0,0.0,False,True,6.182002305984497
Massachusetts,Boston,ssp585,SSP5-8.5,2026-2050,9131,219121,13147201,0.0,0.0,False,True,15.118119955062866
Michigan,Lansing,ssp585,SSP5-8.5,2026-2050,9131,219121,13147201,0.0,0.0,False,True,15.026480197906494
Minnesota,Saint Paul,ssp585,SSP5-8.5,2026-2050,9131,219121,13147201,0.0,0.0,False,True,11.499288082122803
Mississippi,Jackson,ssp585,SSP5-8.5,2026-2050,9131,219121,13147201,0.0,0.0,False,True,3.526158332824707
Missouri,Jefferson City,ssp585,SSP5-8.5,2026-2050,9131,219121,13147201,0.0,0.0,False,True,9.243550777435303
Montana,Helena,ssp585,SSP5-8.5,2026-2050,9131,219121,13147201,0.0,0.0,False,True,3.075326442718506
Nebraska,Lincoln,ssp585,SSP5-8.5,2026-2050,9131,219121,13147201,0.0,0.0,False,True,3.700568437576294
Nevada,Carson City,ssp585,SSP5-8.5,2026-2050,9131,219121,13147201,0.0,0.0,False,True,8.39010763168335
New Hampshire,Concord,ssp585,SSP5-8.5,2026-2050,9131,219121,13147201,0.0,0.0,False,True,3.0306284427642822
New Jersey,Trenton,ssp585,SSP5-8.5,2026-2050,9131,219121,13147201,0.0,0.0,False,True,3.123166084289551
New Mexico,Santa Fe,ssp585,SSP5-8.5,2026-2050,9131,219121,13147201,0.0,0.0,False,True,11.274681329727173
New York,Albany,ssp585,SSP5-8.5,2026-2050,9131,219121,13147201,0.0,0.0,False,True,3.3698232173919678
North Carolina,Raleigh,ssp585,SSP5-8.5,2026-2050,9131,219121,13147201,0.0,0.0,False,True,9.46325135231018
North Dakota,Bismarck,ssp585,SSP5-8.5,2026-2050,9131,219121,13147201,0.0,0.0,False,True,9.81503963470459
Ohio,Columbus,ssp585,SSP5-8.5,2026-2050,9131,219121,13147201,0.0,0.0,False,True,2.722430944442749
Oklahoma,Oklahoma City,ssp585,SSP5-8.5,2026-2050,9131,219121,13147201,0.0,0.0,False,True,2.289708137512207
Oregon,Salem,ssp585,SSP5-8.5,2026-2050,9131,219121,13147201,0.0,0.0,False,True,2.328500270843506
Pennsylvania,Harrisburg,ssp585,SSP5-8.5,2026-2050,9131,219121,13147201,0.0,0.0,False,True,2.2391469478607178
Rhode Island,Providence,ssp585,SSP5-8.5,2026-2050,9131,219121,13147201,0.0,0.0,False,True,2.2540082931518555
South Carolina,Columbia,ssp585,SSP5-8.5,2026-2050,9131,219121,13147201,0.0,0.0,False,True,2.264402151107788
South Dakota,Pierre,ssp585,SSP5-8.5,2026-2050,9131,219121,13147201,0.0,0.0,False,True,2.244147777557373
Tennessee,Nashville,ssp585,SSP5-8.5,2026-2050,9131,219121,13147201,0.0,0.0,False,True,2.277949094772339
Texas,Austin,ssp585,SSP5-8.5,2026-2050,9131,219121,13147201,0.0,0.0,False,True,2.255692720413208
Utah,Salt Lake City,ssp585,SSP5-8.5,2026-2050,9131,219121,13147201,0.0,0.0,False,True,2.2848994731903076
Vermont,Montpelier,ssp585,SSP5-8.5,2026-2050,9131,219121,13147201,0.0,0.0,False,True,2.2417566776275635
Virginia,Richmond,ssp585,SSP5-8.5,2026-2050,9131,219121,13147201,0.0,0.0,False,True,2.2530338764190674
Washington,Olympia,ssp585,SSP5-8.5,2026-2050,9131,219121,13147201,0.0,0.0,False,True,2.2427709102630615
West Virginia,Charleston,ssp585,SSP5-8.5,2026-2050,9131,219121,13147201,0.0,0.0,False,True,2.266404151916504
Wisconsin,Madison,ssp585,SSP5-8.5,2026-2050,9131,219121,13147201,0.0,0.0,False,True,2.2556991577148438
Wyoming,Cheyenne,ssp585,SSP5-8.5,2026-2050,9131,219121,13147201,0.0,0.0,False,True,2.2623250484466553
Alabama,Montgomery,ssp585,SSP5-8.5,2051-2075,9131,219121,13147201,0.0,0.0,False,True,2.246659278869629
Alaska,Juneau,ssp585,SSP5-8.5,2051-2075,9131,219121,13147201,0.0,0.0,False,True,2.319974422454834
Arizona,Phoenix,ssp585,SSP5-8.5,2051-2075,9131,219121,13147201,0.0,0.0,False,True,2.237333297729492
Arkansas,Little Rock,ssp585,SSP5-8.5,2051-2075,9131,219121,13147201,0.0,0.0,False,True,2.4002456665039062
California,Sacramento,ssp585,SSP5-8.5,2051-2075,9131,219121,13147201,0.0,0.0,False,True,2.73032808303833
Colorado,Denver,ssp585,SSP5-8.5,2051-2075,9131,219121,13147201,0.0,0.0,False,True,4.9886391162872314
Connecticut,Hartford,ssp585,SSP5-8.5,2051-2075,9131,219121,13147201,0.0,0.0,False,True,7.58322548866272
Delaware,Dover,ssp585,SSP5-8.5,2051-2075,9131,219121,13147201,0.0,0.0,False,True,16.709455490112305
Florida,Tallahassee,ssp585,SSP5-8.5,2051-2075,9131,219121,13147201,0.0,0.0,False,True,4.442015886306763
Georgia,Atlanta,ssp585,SSP5-8.5,2051-2075,9131,219121,13147201,0.0,0.0,False,True,3.4907524585723877
Hawaii,Honolulu,ssp585,SSP5-8.5,2051-2075,9131,219121,13147201,0.0,0.0,False,True,2.9249038696289062
Idaho,Boise,ssp585,SSP5-8.5,2051-2075,9131,219121,13147201,0.0,0.0,False,True,8.599326610565186
Illinois,Springfield,ssp585,SSP5-8.5,2051-2075,9131,219121,13147201,0.0,0.0,False,True,3.03133225440979
Indiana,Indianapolis,ssp585,SSP5-8.5,2051-2075,9131,219121,13147201,0.0,0.0,False,True,2.6530940532684326
Iowa,Des Moines,ssp585,SSP5-8.5,2051-2075,9131,219121,13147201,0.0,0.0,False,True,2.3508899211883545
Kansas,Topeka,ssp585,SSP5-8.5,2051-2075,9131,219121,13147201,0.0,0.0,False,True,7.764242649078369
Kentucky,Frankfort,ssp585,SSP5-8.5,2051-2075,9131,219121,13147201,0.0,0.0,False,True,3.850835084915161
Louisiana,Baton Rouge,ssp585,SSP5-8.5,2051-2075,9131,219121,13147201,0.0,0.0,False,True,2.2727320194244385
Maine,Augusta,ssp585,SSP5-8.5,2051-2075,9131,219121,13147201,0.0,0.0,False,True,2.251720666885376
Maryland,Annapolis,ssp585,SSP5-8.5,2051-2075,9131,219121,13147201,0.0,0.0,False,True,2.2670137882232666
Massachusetts,Boston,ssp585,SSP5-8.5,2051-2075,9131,219121,13147201,0.0,0.0,False,True,2.2657063007354736
Michigan,Lansing,ssp585,SSP5-8.5,2051-2075,9131,219121,13147201,0.0,0.0,False,True,2.2518539428710938
Minnesota,Saint Paul,ssp585,SSP5-8.5,2051-2075,9131,219121,13147201,0.0,0.0,False,True,2.305697441101074
Mississippi,Jackson,ssp585,SSP5-8.5,2051-2075,9131,219121,13147201,0.0,0.0,False,True,2.2496371269226074
Missouri,Jefferson City,ssp585,SSP5-8.5,2051-2075,9131,219121,13147201,0.0,0.0,False,True,2.242326498031616
Montana,Helena,ssp585,SSP5-8.5,2051-2075,9131,219121,13147201,0.0,0.0,False,True,2.2529475688934326
Nebraska,Lincoln,ssp585,SSP5-8.5,2051-2075,9131,219121,13147201,0.0,0.0,False,True,2.287882089614868
Nevada,Carson City,ssp585,SSP5-8.5,2051-2075,9131,219121,13147201,0.0,0.0,False,True,2.2484114170074463
New Hampshire,Concord,ssp585,SSP5-8.5,2051-2075,9131,219121,13147201,0.0,0.0,False,True,2.253610849380493
New Jersey,Trenton,ssp585,SSP5-8.5,2051-2075,9131,219121,13147201,0.0,0.0,False,True,2.2470245361328125
New Mexico,Santa Fe,ssp585,SSP5-8.5,2051-2075,9131,219121,13147201,0.0,0.0,False,True,2.263498544692993
New York,Albany,ssp585,SSP5-8.5,2051-2075,9131,219121,13147201,0.0,0.0,False,True,2.266922950744629
North Carolina,Raleigh,ssp585,SSP5-8.5,2051-2075,9131,219121,13147201,0.0,0.0,False,True,2.2559590339660645
North Dakota,Bismarck,ssp585,SSP5-8.5,2051-2075,9131,219121,13147201,0.0,0.0,False,True,2.240273952484131
Ohio,Columbus,ssp585,SSP5-8.5,2051-2075,9131,219121,13147201,0.0,0.0,False,True,2.2829604148864746
Oklahoma,Oklahoma City,ssp585,SSP5-8.5,2051-2075,9131,219121,13147201,0.0,0.0,False,True,2.247541904449463
Oregon,Salem,ssp585,SSP5-8.5,2051-2075,9131,219121,13147201,0.0,0.0,False,True,2.2606329917907715
Pennsylvania,Harrisburg,ssp585,SSP5-8.5,2051-2075,9131,219121,13147201,0.0,0.0,False,True,2.2591421604156494
Rhode Island,Providence,ssp585,SSP5-8.5,2051-2075,9131,219121,13147201,0.0,0.0,False,True,2.3475663661956787
South Carolina,Columbia,ssp585,SSP5-8.5,2051-2075,9131,219121,13147201,0.0,0.0,False,True,2.3127899169921875
South Dakota,Pierre,ssp585,SSP5-8.5,2051-2075,9131,219121,13147201,0.0,0.0,False,True,2.372457981109619
Tennessee,Nashville,ssp585,SSP5-8.5,2051-2075,9131,219121,13147201,0.0,0.0,False,True,2.3040003776550293
Texas,Austin,ssp585,SSP5-8.5,2051-2075,9131,219121,13147201,0.0,0.0,False,True,2.253377914428711
Utah,Salt Lake City,ssp585,SSP5-8.5,2051-2075,9131,219121,13147201,0.0,0.0,False,True,2.25742769241333
Vermont,Montpelier,ssp585,SSP5-8.5,2051-2075,9131,219121,13147201,0.0,0.0,False,True,2.268890142440796
Virginia,Richmond,ssp585,SSP5-8.5,2051-2075,9131,219121,13147201,0.0,0.0,False,True,2.271385669708252
Washington,Olympia,ssp585,SSP5-8.5,2051-2075,9131,219121,13147201,0.0,0.0,False,True,2.3034393787384033
West Virginia,Charleston,ssp585,SSP5-8.5,2051-2075,9131,219121,13147201,0.0,0.0,False,True,2.2537481784820557
Wisconsin,Madison,ssp585,SSP5-8.5,2051-2075,9131,219121,13147201,0.0,0.0,False,True,2.267665386199951
Wyoming,Cheyenne,ssp585,SSP5-8.5,2051-2075,9131,219121,13147201,0.0,0.0,False,True,2.259883403778076
